dev_map,dev_mrr,test_map,test_mrr,time
0.4640518656608513,0.7318293650793651,0.5793301188799393,0.8250952380952381,2020-01-22 09:31:51.766277
