dev_map,dev_mrr,test_map,test_mrr,time
0.05257017957514165,0.05913923182441701,0.05765806448808425,0.07010786770848691,2020-01-15 16:31:41.437662
