dev_map,dev_mrr,test_map,test_mrr,time
0.577413117520094,0.7665978672170622,0.5761494987913516,0.7524458651773467,2020-01-20 20:49:19.286164
